account_address,etherscan_link,cashout_tx_link,cashout_value_eth,value_category,cashout_recipient,cashout_timestamp,etherscan_tx_count,victim_campaign_start_idx,cashout_tx_idx_gt,annotator_1_verdict,annotator_1_notes,annotator_1_confidence
0xb9ba5ee81c6b58b79da3c960bee88a016a5240e9,https://etherscan.io/address/0xb9ba5ee81c6b58b79da3c960bee88a016a5240e9,https://etherscan.io/tx/0x9b63581c4bd19557589879e5edb611c5d95ce61f79114568bed105a3429e7835,725.5714,VERY LARGE (>50 ETH),0x87c4b34a08a9e41a89e1c52484ef1c3bbdf1d35c,2020-10-12 00:50 UTC,147,0,146,CONFIRMED,Large cashout: 725.57 ETH (>=10 ETH threshold),HIGH
0x3f8a37bde9b15b65c82f9cdd00192e0ba36cc5fc,https://etherscan.io/address/0x3f8a37bde9b15b65c82f9cdd00192e0ba36cc5fc,https://etherscan.io/tx/0x50d27d1ce2374badcd1cfd1445accf6ea6eda71a1389387ee721df4b21764e1f,154.8623,VERY LARGE (>50 ETH),0x4003ce7599803e09e0a4f97085ecb44bac607484,2017-12-21 06:27 UTC,277,16,262,CONFIRMED,Large cashout: 154.86 ETH (>=10 ETH threshold),HIGH
0xc04db254be07f31c5916df143993a61822a2f2c8,https://etherscan.io/address/0xc04db254be07f31c5916df143993a61822a2f2c8,https://etherscan.io/tx/0xc0308dee069742a3d18771414ca7d9c668806dfd6917b0d5fa748ccc592f49d8,140.3799,VERY LARGE (>50 ETH),0x82cbbc77234db7208f20bd6c76ecab3c300cae9f,2018-10-17 16:33 UTC,36,4,34,CONFIRMED,Large cashout: 140.38 ETH (>=10 ETH threshold),HIGH
0x2846418ac4626b425554768f5702217f63d77a57,https://etherscan.io/address/0x2846418ac4626b425554768f5702217f63d77a57,https://etherscan.io/tx/0x88d3e6e0a929261d85f53cdaac60c800cfd338b2671bec8997fc5576bb75ea01,134.0,VERY LARGE (>50 ETH),0x87062d5a283229b89b25c5becc4de3e898ac0b47,2018-09-17 15:25 UTC,266,135,204,CONFIRMED,Large cashout: 134.00 ETH (>=10 ETH threshold),HIGH
0xad0c88f3313abbce2185597e87a15f764e948a46,https://etherscan.io/address/0xad0c88f3313abbce2185597e87a15f764e948a46,https://etherscan.io/tx/0x39898606ed68c5b107a9f53348c46c3f8ed5f5071fc0147ec52a72d4e1527397,105.0402,VERY LARGE (>50 ETH),0x6b6d7711a071b7656e73c18eaa3611d2d82d97bc,2018-03-15 15:00 UTC,12,4,11,CONFIRMED,Large cashout: 105.04 ETH (>=10 ETH threshold),HIGH
0x29e225d888cf11c5e67613bffd30bcf071eb3d4a,https://etherscan.io/address/0x29e225d888cf11c5e67613bffd30bcf071eb3d4a,https://etherscan.io/tx/0xbd3f8d356cf9305690383e8e3ad7023d161fc01dcee961fe51c315269c8025e2,102.0,VERY LARGE (>50 ETH),0x2da8703d18afed53b303119e4ff06cf035a9fadb,2017-12-20 22:01 UTC,181,111,125,CONFIRMED,Large cashout: 102.00 ETH (>=10 ETH threshold),HIGH
0x0ffd3b6a9e628f9373f532de71c5888f3bb4e739,https://etherscan.io/address/0x0ffd3b6a9e628f9373f532de71c5888f3bb4e739,https://etherscan.io/tx/0x14b126eba5f6e7764b1141269e9c45ad1f486b77cdced6e0e636f4468168f6e0,85.25,VERY LARGE (>50 ETH),0x8f8087a18b83f97b7ec140f8961080f346e0c641,2021-04-13 22:11 UTC,151,0,131,CONFIRMED,Large cashout: 85.25 ETH (>=10 ETH threshold),HIGH
0x71e10ec3021dc58fbfea484c6da226e7b6f61507,https://etherscan.io/address/0x71e10ec3021dc58fbfea484c6da226e7b6f61507,https://etherscan.io/tx/0xbe72a0f5adb399d4e6679f238a242cc50e329b612e16d9ed51867cd11367c3da,62.6667,VERY LARGE (>50 ETH),0x7dab2e5f8f0d0c2e13d1d2af7bb2f136a43e84a8,2019-07-18 19:15 UTC,7,4,6,CONFIRMED,Large cashout: 62.67 ETH (>=10 ETH threshold),HIGH
0xe2b7a0c7bc21e000b8327713513b9d4d2620a414,https://etherscan.io/address/0xe2b7a0c7bc21e000b8327713513b9d4d2620a414,https://etherscan.io/tx/0x528814a079398b2904b3a5b2320cc57d6e021fd9270bf8755adf696eaa33ab3f,55.0,VERY LARGE (>50 ETH),0x6b118de2bc51b8733102db4cc1e29ed8b5af8408,2020-12-10 14:55 UTC,500,0,476,CONFIRMED,Large cashout: 55.00 ETH (>=10 ETH threshold),HIGH
0x545f5e5c54d8ac72af1c7de8c070387b73841a24,https://etherscan.io/address/0x545f5e5c54d8ac72af1c7de8c070387b73841a24,https://etherscan.io/tx/0x957b3d534dedc6d6a284ab54c5c14659c97b8f02ddb5f93e33e2f9b0d0e1a284,50.2,VERY LARGE (>50 ETH),0x17eb2b714fbcf486b72dae876c40b0776296162d,2018-03-15 20:43 UTC,188,17,132,CONFIRMED,Large cashout: 50.20 ETH (>=10 ETH threshold),HIGH
0x484067d97e83ce140016e8ee9d644e1901b9a3b4,https://etherscan.io/address/0x484067d97e83ce140016e8ee9d644e1901b9a3b4,https://etherscan.io/tx/0xf810d0b9809cc7c4b2c4f6d19d1afd17fd47c0864e9e18e45ce04e11321cd78f,44.086,LARGE (5-50 ETH),0x89cf6546c7b4584c2144263c1996e831c196ef54,2020-10-16 09:45 UTC,16,1,14,CONFIRMED,Large cashout: 44.09 ETH (>=10 ETH threshold),HIGH
0x4caf91195b40c8175ed7ea9a92096a08114364ff,https://etherscan.io/address/0x4caf91195b40c8175ed7ea9a92096a08114364ff,https://etherscan.io/tx/0xb9bc86ece9af452b0d5430b537f482fef2f0c44c42a1976ae7f4d7f711a2592d,38.2534,LARGE (5-50 ETH),0x986ccf5234d9cfbb25246f1a5bfa51f4ccfcb308,2020-07-10 00:54 UTC,58,12,33,CONFIRMED,Large cashout: 38.25 ETH (>=10 ETH threshold),HIGH
0x78352d907b6937e25c6212ac8d366d4b063a3588,https://etherscan.io/address/0x78352d907b6937e25c6212ac8d366d4b063a3588,https://etherscan.io/tx/0xfd85202fab9aa99cdedcdc119ce16bc8de9c844813cbc57cfd5b635d3115eeb3,37.4975,LARGE (5-50 ETH),0x86e624bd37746c57f644cd999850f99929789bc1,2022-02-22 07:48 UTC,381,2,380,CONFIRMED,Large cashout: 37.50 ETH (>=10 ETH threshold),HIGH
0x0a10c493bc6f7faecca5be1e82d7fd7fb3774049,https://etherscan.io/address/0x0a10c493bc6f7faecca5be1e82d7fd7fb3774049,https://etherscan.io/tx/0x8b9f26aa4f2a783217590cf037ab3443e06b7d5827a7e37626daeb5fa160bc6a,30.2329,LARGE (5-50 ETH),0x43f9f332722392f1e2ba9f2a32f414ebb949f111,2018-06-17 21:43 UTC,30,3,29,CONFIRMED,Large cashout: 30.23 ETH (>=10 ETH threshold),HIGH
0xea2d88d33d73e5ef4341c2e9ee42c6820effcd8a,https://etherscan.io/address/0xea2d88d33d73e5ef4341c2e9ee42c6820effcd8a,https://etherscan.io/tx/0x9a8807961a55ad0abe7ed85fe4a667fd7e80909a82d5120cc0ca56e9431596f1,29.71,LARGE (5-50 ETH),0x452a0422ae082754ae3971a233a7e2f7937b8906,2020-02-20 00:36 UTC,11,0,10,CONFIRMED,Large cashout: 29.71 ETH (>=10 ETH threshold),HIGH
0x3e53a430c39896daf1b241828e3b5e8d526503fa,https://etherscan.io/address/0x3e53a430c39896daf1b241828e3b5e8d526503fa,https://etherscan.io/tx/0x0daa7d58cd50c659c271105d0165c2528ce7688c18896af734ca35298eab5bf9,28.3904,LARGE (5-50 ETH),0xf0f2855f3ff5cdc781c661622440354c7ac731b2,2018-06-17 21:39 UTC,25,7,24,CONFIRMED,Large cashout: 28.39 ETH (>=10 ETH threshold),HIGH
0x97978862f7b98ddaf2778c71d49a63a69db6921e,https://etherscan.io/address/0x97978862f7b98ddaf2778c71d49a63a69db6921e,https://etherscan.io/tx/0x4b9727961e6a32d8f04d2c70ddcd66241029265a062437b2c9c039f3f649f2c2,26.2558,LARGE (5-50 ETH),0xba05dcacea45342ca63ceb3f436bf5da9cbdfb31,2020-05-02 12:18 UTC,7,0,6,CONFIRMED,Large cashout: 26.26 ETH (>=10 ETH threshold),HIGH
0x1e442d0461bd7a52fadb9920f6ed5bb3cd8ff75d,https://etherscan.io/address/0x1e442d0461bd7a52fadb9920f6ed5bb3cd8ff75d,https://etherscan.io/tx/0x4cc00ebe4c177e813f8b68b4250f1f04dcebe7f7b149bd4cdfd1a47d1b0e05fe,25.44,LARGE (5-50 ETH),0xb1659a4814f00519901581e7b524592affde47a7,2021-03-15 22:29 UTC,24,0,23,CONFIRMED,Large cashout: 25.44 ETH (>=10 ETH threshold),HIGH
0x6353940eabe11c7cd78ecc2085ae65cdacc5a92b,https://etherscan.io/address/0x6353940eabe11c7cd78ecc2085ae65cdacc5a92b,https://etherscan.io/tx/0x7eac102721a7eed0dd68f69c9c41be5a4ea55b5141e906ce35fb53d77b1e058e,24.725,LARGE (5-50 ETH),0x6d3fb722fc164ea70d2410be769490c6500b9a45,2018-04-21 07:45 UTC,25,1,24,CONFIRMED,Large cashout: 24.73 ETH (>=10 ETH threshold),HIGH
0x9b26f73a3a029cd5f4dbea70d9ef178323b7e060,https://etherscan.io/address/0x9b26f73a3a029cd5f4dbea70d9ef178323b7e060,https://etherscan.io/tx/0xb9d09c142572e6a3908e878c63fdf568a334eee15ae9098dcbe63bdf4e6320d1,20.6237,LARGE (5-50 ETH),0x987d87a5fb2ed6f12a3e1f725b04bc62c9102fc6,2020-05-04 08:58 UTC,19,17,18,CONFIRMED,Large cashout: 20.62 ETH (>=10 ETH threshold),HIGH
0xa375d0337fd8d9effa54cdf2989266381bc6d31f,https://etherscan.io/address/0xa375d0337fd8d9effa54cdf2989266381bc6d31f,https://etherscan.io/tx/0x19e110348cef4d9ca2aa05fcb0e7a1336646c0a1118593a16631c45d4a638a2c,20.001,LARGE (5-50 ETH),0x2bb9643a57a994edd73cec67afac8831f17a1db1,2019-04-23 02:04 UTC,48,0,9,CONFIRMED,Large cashout: 20.00 ETH (>=10 ETH threshold),HIGH
0xd79eb898431ea62636f08f738d10eb00446403de,https://etherscan.io/address/0xd79eb898431ea62636f08f738d10eb00446403de,https://etherscan.io/tx/0x73e8c602f72bd842507053b4d4ade4285dda6381a7cb0a7e94c7c8316c72cde7,18.7343,LARGE (5-50 ETH),0xdc2a9e4619dd3157f1db26a78dc1d31fba06ae21,2018-03-09 07:16 UTC,28,2,27,CONFIRMED,Large cashout: 18.73 ETH (>=10 ETH threshold),HIGH
0x0e0ba79cb92e07555ef7a3fe9e18ba33dd0b6d29,https://etherscan.io/address/0x0e0ba79cb92e07555ef7a3fe9e18ba33dd0b6d29,https://etherscan.io/tx/0xe50867fb63302d083dbad488bcf0dd0b4d882e8fe2fc00a6c6cae86318a5fd3b,18.2271,LARGE (5-50 ETH),0xab131e30287f92a6da9967ee5d52980e04ef9daf,2021-01-06 20:21 UTC,10,1,9,CONFIRMED,Large cashout: 18.23 ETH (>=10 ETH threshold),HIGH
0x52414069b0af176210603ef8621d0b0d6b669e6a,https://etherscan.io/address/0x52414069b0af176210603ef8621d0b0d6b669e6a,https://etherscan.io/tx/0x5ae4041fe5c77f13b566780d2b6d27057d92b48d35dcfc3977aae4d5a9c556cb,16.907,LARGE (5-50 ETH),0x5f3786da636ebaf6d4dea5dd159cc1124c5ad370,2019-11-26 06:47 UTC,19,3,16,CONFIRMED,Large cashout: 16.91 ETH (>=10 ETH threshold),HIGH
0xdd0940c356ebe5bb23039bbf6c83f33c7d510dc9,https://etherscan.io/address/0xdd0940c356ebe5bb23039bbf6c83f33c7d510dc9,https://etherscan.io/tx/0x1f337d626d775c7b5cd9e615f342c329a57678df593f7bac688639a5a0dbe73b,16.7807,LARGE (5-50 ETH),0x4412ad7581137f1b712c521c9406025296f3c472,2018-04-21 09:46 UTC,27,1,17,CONFIRMED,Large cashout: 16.78 ETH (>=10 ETH threshold),HIGH
0x47aed527c215b5c347dbf5befa08520011440389,https://etherscan.io/address/0x47aed527c215b5c347dbf5befa08520011440389,https://etherscan.io/tx/0x05b1f3c449de9a1d704551c3b8016c2602c983e5a8fcec4e0d8dcc15dd3f1713,16.458,LARGE (5-50 ETH),0x67722018ddac55efc1d08b6598131e6b7519044b,2018-09-30 09:49 UTC,3,0,2,CONFIRMED,Large cashout: 16.46 ETH (>=10 ETH threshold),HIGH
0x5e402df75910211306b484d8dbc8de9b537c61d5,https://etherscan.io/address/0x5e402df75910211306b484d8dbc8de9b537c61d5,https://etherscan.io/tx/0x75fb81bd62b92a69850081ad0b13203f8b29b10223e4af1d290585650d86ed36,15.0,LARGE (5-50 ETH),0xe5c13029f1d353924916d4c817bb56b419992167,2022-01-07 21:19 UTC,313,120,273,CONFIRMED,Large cashout: 15.00 ETH (>=10 ETH threshold),HIGH
0x2a61d3860e19cb557484cdf031e54f3a50a4bdb0,https://etherscan.io/address/0x2a61d3860e19cb557484cdf031e54f3a50a4bdb0,https://etherscan.io/tx/0x14db48e9206ac645b1df1182af78dc44b7f780d21365d4874166d509ce148cac,14.2948,LARGE (5-50 ETH),0x3b86d1e66c01afe4d8de2d93a699b55187b2b409,2021-02-08 12:14 UTC,3,1,2,CONFIRMED,Large cashout: 14.29 ETH (>=10 ETH threshold),HIGH
0x3bd49b98ffcc5f717eed0c9e78a276ae979de6e4,https://etherscan.io/address/0x3bd49b98ffcc5f717eed0c9e78a276ae979de6e4,https://etherscan.io/tx/0xcdafce0608cfa9d9f8619bc1cb67e36c23644b33cb8e71e912f5f7983829bd25,13.9599,LARGE (5-50 ETH),0x590d00ca8adc1e51318261d0023abe09738d5a79,2018-07-17 12:33 UTC,7,1,6,CONFIRMED,Large cashout: 13.96 ETH (>=10 ETH threshold),HIGH
0xb1faca3ef83134815c3e28899cb132e019eb6616,https://etherscan.io/address/0xb1faca3ef83134815c3e28899cb132e019eb6616,https://etherscan.io/tx/0x5f582744f16c2f19e68bd0be8eb39bb338189d341ab0fe8971c7dfc318179049,13.2455,LARGE (5-50 ETH),0xf097cca386c543e1ff18097a069d44a5baf87509,2018-04-15 01:21 UTC,10,2,9,CONFIRMED,Large cashout: 13.25 ETH (>=10 ETH threshold),HIGH
0xd58ca904db555b67e78dbd94fbc3b81f68dcf76d,https://etherscan.io/address/0xd58ca904db555b67e78dbd94fbc3b81f68dcf76d,https://etherscan.io/tx/0xc1eeee920800a25971ad4b187ad78552759a26986750d686c1e641b10ed4ef53,12.8407,LARGE (5-50 ETH),0x7a250d5630b4cf539739df2c5dacb4c659f2488d,2020-09-25 14:19 UTC,245,0,240,CONFIRMED,Known address: Uniswap V2 Router,HIGH
0xc5d2f87fce3a476f2e9ed8462cbf7a45e6b83946,https://etherscan.io/address/0xc5d2f87fce3a476f2e9ed8462cbf7a45e6b83946,https://etherscan.io/tx/0x1307b5c8cafa1c6fd7e052ea3a79bbf4cc1d2717b4f5b236ebe54ee54606c2ac,12.3099,LARGE (5-50 ETH),0x7727e5113d1d161373623e5f49fd568b4f543a9e,2017-08-18 06:06 UTC,26,0,13,CONFIRMED,Large cashout: 12.31 ETH (>=10 ETH threshold),HIGH
0xf08ad4086d2ef23da65cf1008eea37d1c89014ab,https://etherscan.io/address/0xf08ad4086d2ef23da65cf1008eea37d1c89014ab,https://etherscan.io/tx/0xde029ceda1f5ffa259159738a97d14a61ede59648e51e6e41e3a4a730e9bf798,12.145,LARGE (5-50 ETH),0x6b045a27d6e4eea250dc7526ef378c6c7a3d9de8,2020-02-13 21:18 UTC,18,8,17,CONFIRMED,Large cashout: 12.14 ETH (>=10 ETH threshold),HIGH
0x7f642b25a930f732f4214f69df0d0d2f647bcc63,https://etherscan.io/address/0x7f642b25a930f732f4214f69df0d0d2f647bcc63,https://etherscan.io/tx/0x5977d7536356a37dcc916af1d132246fa5448b2c5556469e769213eb01bbb383,11.956,LARGE (5-50 ETH),0x1aec77b950aa964e8fd51211ad55db6a96562952,2018-05-21 06:05 UTC,11,1,10,CONFIRMED,Large cashout: 11.96 ETH (>=10 ETH threshold),HIGH
0xb0ce77a4f5c02b92235d6829c94b2d27f939abe1,https://etherscan.io/address/0xb0ce77a4f5c02b92235d6829c94b2d27f939abe1,https://etherscan.io/tx/0x094f33d143354daa7f2fab6294e0a5ce3486a28378f907459e4fed75098026a7,11.7128,LARGE (5-50 ETH),0xc55b3242fa9aa63794f10a1db49fdfd31915a8ee,2018-08-09 06:14 UTC,28,0,27,CONFIRMED,Large cashout: 11.71 ETH (>=10 ETH threshold),HIGH
0x27a77398d0a8ad977eb63c275afcadfdf6106dd0,https://etherscan.io/address/0x27a77398d0a8ad977eb63c275afcadfdf6106dd0,https://etherscan.io/tx/0xccbdf9d2e56f27b295c80943d36fbc90a0ad373d8a5c1916c1e3371856d45e41,11.0,LARGE (5-50 ETH),0x0dae41f4ef79a279b6e3ea6bd116f1ba16fc07b0,2018-12-18 07:40 UTC,73,45,71,CONFIRMED,Large cashout: 11.00 ETH (>=10 ETH threshold),HIGH
0x23667058d0cd398ff8d25e015c86322644c7783d,https://etherscan.io/address/0x23667058d0cd398ff8d25e015c86322644c7783d,https://etherscan.io/tx/0x7473e5718ed268db0611b5137d64dd86890ee1aade0fff979a795d90646724d0,10.7297,LARGE (5-50 ETH),0x3b72e7a10824734c9a503cc719901827e9d59a12,2018-03-21 11:01 UTC,28,0,21,CONFIRMED,Large cashout: 10.73 ETH (>=10 ETH threshold),HIGH
0x41f113e3787a183d0b82b0886e7ae27f780d64e9,https://etherscan.io/address/0x41f113e3787a183d0b82b0886e7ae27f780d64e9,https://etherscan.io/tx/0xf16b4d9278245867e0d6ec8a0651bcba5af9020d8af3e46e87a7e90f02c21140,10.7,LARGE (5-50 ETH),0xac101b9e503aef112b122b4e2e57945d4160dba7,2021-10-20 15:04 UTC,110,4,89,CONFIRMED,Large cashout: 10.70 ETH (>=10 ETH threshold),HIGH
0x3bd330f121c493db91e59d9125968d3df090a66f,https://etherscan.io/address/0x3bd330f121c493db91e59d9125968d3df090a66f,https://etherscan.io/tx/0xa19a67e17eee4c90da48c2d2630b339c39df51efec200fb7d940ce45e65fd18e,10.35,LARGE (5-50 ETH),0x0f1a050866e954d84a6595eaa672d865b7da27d2,2018-07-11 09:34 UTC,31,0,29,CONFIRMED,Large cashout: 10.35 ETH (>=10 ETH threshold),HIGH
0x17935dffbc228397d2f5a67061867804cecacae8,https://etherscan.io/address/0x17935dffbc228397d2f5a67061867804cecacae8,https://etherscan.io/tx/0x2ab0f935d0211c91ae34df270b10aa13af837ed2fa500453a754a667fc2a45fa,10.01,LARGE (5-50 ETH),0x68febe888d6d147a4d700b9e1e07208b892d9d3a,2018-04-13 22:40 UTC,18,2,14,CONFIRMED,Large cashout: 10.01 ETH (>=10 ETH threshold),HIGH
0x98642636ff6262107a97bdf8eb342633e5163ace,https://etherscan.io/address/0x98642636ff6262107a97bdf8eb342633e5163ace,https://etherscan.io/tx/0x2434e61ccccefc3adacec6f1ab5b9690515234918ffbbb61d3a6743af3272243,9.9994,LARGE (5-50 ETH),0xe81d6fce840ab873c7bccb6c2ab15e4b6daf92c7,2020-07-12 09:18 UTC,6,0,4,CONFIRMED,Significant cashout: 10.00 ETH (>=5 ETH threshold),HIGH
0xd52fcaf53cd3efd7e1d484fd9cd2dd21355063e5,https://etherscan.io/address/0xd52fcaf53cd3efd7e1d484fd9cd2dd21355063e5,https://etherscan.io/tx/0xf1c8446ce72d3108910f713024a8061ce3debea2ccc339aaf7629d4be2a777a3,9.7523,LARGE (5-50 ETH),0x3410ddf383a51af84e352daf8cc057b1b9f818c2,2018-05-05 09:36 UTC,11,1,10,CONFIRMED,Significant cashout: 9.75 ETH (>=5 ETH threshold),HIGH
0xddebf00fbc27f7baf0bef3fa3665473eec46bc63,https://etherscan.io/address/0xddebf00fbc27f7baf0bef3fa3665473eec46bc63,https://etherscan.io/tx/0xa82fd0617a58e36af543d17bbabdec74f6b170c7e5673e9c77e2bdbfd01d78e5,9.7397,LARGE (5-50 ETH),0x7f8878aaa84b18d17d4abf4f9600763c94b7756d,2020-04-26 10:38 UTC,10,2,8,CONFIRMED,Significant cashout: 9.74 ETH (>=5 ETH threshold),HIGH
0x87c348573f02768a97afb57aac3bb6877a353ae9,https://etherscan.io/address/0x87c348573f02768a97afb57aac3bb6877a353ae9,https://etherscan.io/tx/0x61383bdc11965a6c930b7f4660803aab942b979abd7316ad07ee99875063642f,9.2907,LARGE (5-50 ETH),0x35612bad65e2ee21ef9493584d5049a39915dbe0,2018-06-07 19:11 UTC,14,0,13,CONFIRMED,Significant cashout: 9.29 ETH (>=5 ETH threshold),HIGH
0x043375ebc36fff7a4fcef1359f3c89afddf56e08,https://etherscan.io/address/0x043375ebc36fff7a4fcef1359f3c89afddf56e08,https://etherscan.io/tx/0x93f6d7af7186a5fd8c446e3bd8b3f8daa1a6116d4efe26f745c35080c2fafaa1,8.9991,LARGE (5-50 ETH),0x7b2c2ef8954a86a7c013456cc51ba22861791740,2018-04-25 16:40 UTC,28,2,25,CONFIRMED,Significant cashout: 9.00 ETH (>=5 ETH threshold),HIGH
0x9cfad3ddb521c6957c08d57053c4e18474ff078f,https://etherscan.io/address/0x9cfad3ddb521c6957c08d57053c4e18474ff078f,https://etherscan.io/tx/0xf0efd0e68f90ce479d48cf08fda517670e8dc1f71978cdd32bec75da0db5b61f,7.2,LARGE (5-50 ETH),0xd350a421f7c828485a1fea9ab889ee824707057a,2020-05-30 23:00 UTC,96,21,31,CONFIRMED,Significant cashout: 7.20 ETH (>=5 ETH threshold),HIGH
0xc5a4b7979d8f129090792deff1145311a9cafab7,https://etherscan.io/address/0xc5a4b7979d8f129090792deff1145311a9cafab7,https://etherscan.io/tx/0x9166b36ce96fc2906a96a9e9ac252bbea13f261393efd92180e8c7fd5f64f998,6.8,LARGE (5-50 ETH),0xc99cdbba12643abd519902eecf67af74495723bf,2020-08-08 04:35 UTC,6,1,3,CONFIRMED,Significant cashout: 6.80 ETH (>=5 ETH threshold),HIGH
0xcfeb62a98a9ea19c2701c13e9a728408defb6a56,https://etherscan.io/address/0xcfeb62a98a9ea19c2701c13e9a728408defb6a56,https://etherscan.io/tx/0xb06a07f073e1e294f43e15cd3032c9185c951a17e6399f428983fe8366722bcb,6.7008,LARGE (5-50 ETH),0x23fc079f3e5732cb361c68647abcf62b1c9a9b7e,2021-03-26 07:18 UTC,37,0,34,CONFIRMED,Significant cashout: 6.70 ETH (>=5 ETH threshold),HIGH
0x60c192b164aa0f7f5fcbd532cc7e31741d1cf2b4,https://etherscan.io/address/0x60c192b164aa0f7f5fcbd532cc7e31741d1cf2b4,https://etherscan.io/tx/0xe9dce0f7ec89ab28ce570b691ce17b0b8092f1cfc6f3b5e1f249444081ddfb29,6.4789,LARGE (5-50 ETH),0x9383a8e482b256cd3d1cf102878505a02924a8de,2022-01-31 19:53 UTC,407,170,381,CONFIRMED,Significant cashout: 6.48 ETH (>=5 ETH threshold),HIGH
0xd6cfd617103649a2f72df3c7a89ff246836bfc08,https://etherscan.io/address/0xd6cfd617103649a2f72df3c7a89ff246836bfc08,https://etherscan.io/tx/0xaadeedf6b789a534f6a12ac3bf17fea251e5a0084b9551c00fbd546334a99870,6.2407,LARGE (5-50 ETH),0x5f5a8d725d3426489e7d51a271c3703e40fb9c5e,2021-09-13 23:41 UTC,55,0,54,CONFIRMED,Significant cashout: 6.24 ETH (>=5 ETH threshold),HIGH
0xa47879fc57ecd8b52bfe7cf61b9bb41b7ef84efc,https://etherscan.io/address/0xa47879fc57ecd8b52bfe7cf61b9bb41b7ef84efc,https://etherscan.io/tx/0x778afbd845f751408b369e0b8508d315e04d39c4d7a99be92671336d0ff7c44c,5.8679,LARGE (5-50 ETH),0xdd21d2aed5b67735d952f355a2ded300dc72172c,2018-05-21 08:02 UTC,12,1,11,CONFIRMED,Significant cashout: 5.87 ETH (>=5 ETH threshold),HIGH
0xa9c03bdb5569f3606420547218cf2813003d3142,https://etherscan.io/address/0xa9c03bdb5569f3606420547218cf2813003d3142,https://etherscan.io/tx/0x0495ac4a9f0d56f8f77e865526d983aa43e9dbeccb81e6993745782e9d5815e4,5.0,LARGE (5-50 ETH),0x3a263823a1de382059fe4c08367ee5e79815f805,2021-02-22 09:47 UTC,18,1,16,CONFIRMED,Significant cashout: 5.00 ETH (>=5 ETH threshold),HIGH
0x641b92e0777e6a3e7400414925cd03bbe888ca71,https://etherscan.io/address/0x641b92e0777e6a3e7400414925cd03bbe888ca71,https://etherscan.io/tx/0x069fa0d4f256d2002af2cfa1acc60c715d16050776f4cd9a85f39f5debe0812e,4.494,MEDIUM (0.5-5 ETH),0x09266742064f91839e3d5a6db23a3ed6a84ec733,2018-09-18 12:21 UTC,5,0,4,CONFIRMED,Moderate cashout: 4.49 ETH (>=1 ETH threshold),MEDIUM
0x34b6341655061f4b5830cd1a7b20a3516043af57,https://etherscan.io/address/0x34b6341655061f4b5830cd1a7b20a3516043af57,https://etherscan.io/tx/0x4d6cd54ed5d9cb0544bb6b12b2b910df689fe452f7752e728517fa4d76b9f969,4.22,MEDIUM (0.5-5 ETH),0x5ebc47b0f5aef17c7d35202c93469f646355b3df,2018-06-11 21:44 UTC,18,5,16,CONFIRMED,Moderate cashout: 4.22 ETH (>=1 ETH threshold),MEDIUM
0x1d6065940bfd6ac7c4ec1e2a35e1420e0a9c1bff,https://etherscan.io/address/0x1d6065940bfd6ac7c4ec1e2a35e1420e0a9c1bff,https://etherscan.io/tx/0xfedb94a3944625bd3ef8ff23b6fa05d59819fbaf26308c52e69f13fd6697e62d,4.1111,MEDIUM (0.5-5 ETH),0x50c2ff8a2daa486269fd157a539163972b6194b2,2018-08-07 11:10 UTC,9,2,8,CONFIRMED,Moderate cashout: 4.11 ETH (>=1 ETH threshold),MEDIUM
0x516a9a087d5d3d83097c066875fcf4f94ce21fd3,https://etherscan.io/address/0x516a9a087d5d3d83097c066875fcf4f94ce21fd3,https://etherscan.io/tx/0x5509b3c65acc4248d35c59192c4c53123b1f940f87f033a0f0aac9f1a5e92d95,4.0,MEDIUM (0.5-5 ETH),0x2ff9298f73d2f2ad5a15f5e2f250ee4e2b71e986,2020-01-14 14:08 UTC,8,0,6,CONFIRMED,Moderate cashout: 4.00 ETH (>=1 ETH threshold),MEDIUM
0x368be389ce940bf17c3296344086e368bc4c60f3,https://etherscan.io/address/0x368be389ce940bf17c3296344086e368bc4c60f3,https://etherscan.io/tx/0x5fe562f24b893350546e751857d86fa9e778d5b6268924c1b5f706a038be3487,4.0,MEDIUM (0.5-5 ETH),0xc7cfd41e223e2e1c7de1737f7f20b665da8cb540,2018-05-14 23:37 UTC,16,2,12,CONFIRMED,Moderate cashout: 4.00 ETH (>=1 ETH threshold),MEDIUM
0x37ce714cd173d79c209cabe9ab41830f5c31363e,https://etherscan.io/address/0x37ce714cd173d79c209cabe9ab41830f5c31363e,https://etherscan.io/tx/0xbc9dd9a80f639700c006ab3f270236e71f607a040b2cd8b4abbabaa54ae5e404,3.7991,MEDIUM (0.5-5 ETH),0x268ce63f7325895f3012a0e8fbb5488476bc8588,2020-08-01 21:35 UTC,3,1,2,CONFIRMED,Moderate cashout: 3.80 ETH (>=1 ETH threshold),MEDIUM
0x5a504295ab80cca776afdc6db4f493e7c6fa8211,https://etherscan.io/address/0x5a504295ab80cca776afdc6db4f493e7c6fa8211,https://etherscan.io/tx/0x4aff2d9465c969147915315176064f6bc323caddd53645e562817532a5c8cc7b,3.7589,MEDIUM (0.5-5 ETH),0xff6cfc3ae02554475c5ab1425636028ab58abdcd,2018-08-01 12:10 UTC,7,0,6,CONFIRMED,Moderate cashout: 3.76 ETH (>=1 ETH threshold),MEDIUM
0x3232d99007e509d29564099c622a89e143fdc05c,https://etherscan.io/address/0x3232d99007e509d29564099c622a89e143fdc05c,https://etherscan.io/tx/0x1c1e235a30da33177451d0d116b2e457fbe544f554bdef58ad57b00c190208bc,3.4644,MEDIUM (0.5-5 ETH),0x552d3bb6669a91d3dc4dbee4c35c751108a281f1,2018-05-22 08:13 UTC,21,14,19,CONFIRMED,Moderate cashout: 3.46 ETH (>=1 ETH threshold),MEDIUM
0xf9d8774230e55ece5358c2c1de4cf6881fc50e0f,https://etherscan.io/address/0xf9d8774230e55ece5358c2c1de4cf6881fc50e0f,https://etherscan.io/tx/0x7c38f605364cdd32f7a13216e830cb5b090982d0405df3e6f9a98ec2d6eca0a5,3.3,MEDIUM (0.5-5 ETH),0xe1b21994b259d4efe8a85693396f5ba15e99e1bf,2020-07-19 07:29 UTC,8,0,2,CONFIRMED,Moderate cashout: 3.30 ETH (>=1 ETH threshold),MEDIUM
0x7fa93cd2c95a3f93c8a20d3f2d1825f9f14c81c2,https://etherscan.io/address/0x7fa93cd2c95a3f93c8a20d3f2d1825f9f14c81c2,https://etherscan.io/tx/0x222736db9cfb050823a0fcc8752cc841c9b5c4afa21bf9eb5319342d55a36e61,3.2025,MEDIUM (0.5-5 ETH),0xa9b977601b0bd08554642aa8b57104827ac6b124,2020-08-18 22:08 UTC,289,2,288,CONFIRMED,Moderate cashout: 3.20 ETH (>=1 ETH threshold),MEDIUM
0x6d56b0e1a084c85007ffd69676094d66a5db739a,https://etherscan.io/address/0x6d56b0e1a084c85007ffd69676094d66a5db739a,https://etherscan.io/tx/0xae0437e65c5a9d58559749e7c1d74eddb84509b5e078d8ff1cc21c21ce86f300,3.1436,MEDIUM (0.5-5 ETH),0xac180e4d907631b419434e612e5e122b8614498b,2018-12-13 02:10 UTC,9,0,4,CONFIRMED,Moderate cashout: 3.14 ETH (>=1 ETH threshold),MEDIUM
0x387ba35be8c8cbf2f4d3ddb571cb80069bf100e2,https://etherscan.io/address/0x387ba35be8c8cbf2f4d3ddb571cb80069bf100e2,https://etherscan.io/tx/0x2ca696aedc0f3313967041d0baa57761febc44ac880b208f98f557068a42d915,3.1016,MEDIUM (0.5-5 ETH),0xbdedb99822129ca7e13b746b74d3454baaad41f7,2018-08-10 13:22 UTC,15,4,7,CONFIRMED,Moderate cashout: 3.10 ETH (>=1 ETH threshold),MEDIUM
0x3dbfa1d1158a165db392f5f7de987c0200482f25,https://etherscan.io/address/0x3dbfa1d1158a165db392f5f7de987c0200482f25,https://etherscan.io/tx/0xd8e75b81c60f2f37bf1ecb101d82034f00148db7a92674ad41e22fe60d7d6c06,3.0192,MEDIUM (0.5-5 ETH),0xee478724a698e1ec9ef11a91760b6a3b7cd09aea,2022-02-03 23:23 UTC,124,18,78,CONFIRMED,Moderate cashout: 3.02 ETH (>=1 ETH threshold),MEDIUM
0x4e87016fd144e1716b9985afb704fc359d243a4f,https://etherscan.io/address/0x4e87016fd144e1716b9985afb704fc359d243a4f,https://etherscan.io/tx/0xce5c60849d789d32cc003703140c94ffd12b725a5019d8c3eb1e14a83d327655,3.0097,MEDIUM (0.5-5 ETH),0x3f5ce5fbfe3e9af3971dd833d26ba9b5c936f0be,2018-02-15 22:02 UTC,134,7,131,CONFIRMED,Known address: Binance Hot Wallet,HIGH
0xf618041ef3d1423ce29a71d8bcdd748202071151,https://etherscan.io/address/0xf618041ef3d1423ce29a71d8bcdd748202071151,https://etherscan.io/tx/0xe44dddaa163895757d8aa487058c90a28bf2167d1430584a0f914f6f91892b22,3.0,MEDIUM (0.5-5 ETH),0x442f14584ad045f507b204a5d0308420d0f137cb,2022-02-10 19:23 UTC,178,49,63,CONFIRMED,Moderate cashout: 3.00 ETH (>=1 ETH threshold),MEDIUM
0x0c50f72cf786e0e9e0893fbb95d7c929ac08fcce,https://etherscan.io/address/0x0c50f72cf786e0e9e0893fbb95d7c929ac08fcce,https://etherscan.io/tx/0x8931619c8f5ceab13243ae6e24ac0006257b1f0b8cd1aba27a3c67748d5663e4,2.9997,MEDIUM (0.5-5 ETH),0x9cbee388f089ada9075e1fb28034873612b636c8,2019-12-12 10:08 UTC,3,1,2,CONFIRMED,Moderate cashout: 3.00 ETH (>=1 ETH threshold),MEDIUM
0x27c2a673b7bed1031562542326f5c466d5c9a8e5,https://etherscan.io/address/0x27c2a673b7bed1031562542326f5c466d5c9a8e5,https://etherscan.io/tx/0x4d22f53da31af9058a0b8bf963153748f0b7cf38ed0d99cfa59b164c2f952e20,2.9975,MEDIUM (0.5-5 ETH),0x34730821731a09486e29ede8d434929036cb80f4,2022-01-18 11:22 UTC,32,5,19,CONFIRMED,Moderate cashout: 3.00 ETH (>=1 ETH threshold),MEDIUM
0x770056dd0c34f3f33f5bb55f2fb4f2199c41ed8a,https://etherscan.io/address/0x770056dd0c34f3f33f5bb55f2fb4f2199c41ed8a,https://etherscan.io/tx/0x086b39d580bfbb2cc88b5a9df17bd68f1b7ff7e94709f1dc5cf7e25c0005c976,2.8975,MEDIUM (0.5-5 ETH),0x6b045a27d6e4eea250dc7526ef378c6c7a3d9de8,2020-02-13 21:32 UTC,12,2,11,CONFIRMED,Moderate cashout: 2.90 ETH (>=1 ETH threshold),MEDIUM
0x556ad0b1b25ca2198b65feddbe79c0c176bd8233,https://etherscan.io/address/0x556ad0b1b25ca2198b65feddbe79c0c176bd8233,https://etherscan.io/tx/0x3f6ac5977dcb75a699dee082d4c7ba0770ac65e2482c5132da9868fc8bf0ca06,2.8631,MEDIUM (0.5-5 ETH),0xad35882c62bea668b525010a260d1b655b8548ed,2021-04-10 07:39 UTC,848,72,531,CONFIRMED,Moderate cashout: 2.86 ETH (>=1 ETH threshold),MEDIUM
0x584dab561e3c4ba02c74fb76e7c48a0a3b7d8097,https://etherscan.io/address/0x584dab561e3c4ba02c74fb76e7c48a0a3b7d8097,https://etherscan.io/tx/0xed3f0298174eae26589ca29a820a58289b2750291db95600d67d6a346d1d268e,2.8593,MEDIUM (0.5-5 ETH),0xaafc4152e8fc877cb8d96b4e06ac82e6a6551164,2018-11-14 20:53 UTC,18,5,17,CONFIRMED,Moderate cashout: 2.86 ETH (>=1 ETH threshold),MEDIUM
0xb82bfd79d5a8c0cc0d4c045633288b48a2beddcb,https://etherscan.io/address/0xb82bfd79d5a8c0cc0d4c045633288b48a2beddcb,https://etherscan.io/tx/0x98b5573379497a0c88a5a63a5bfdf6e791a40b588f66f0c67cfaf59483925164,2.7983,MEDIUM (0.5-5 ETH),0x422cadfa3bd7b60380c6bf2af1f2962fdba6886e,2018-03-05 16:41 UTC,12,0,11,CONFIRMED,Moderate cashout: 2.80 ETH (>=1 ETH threshold),MEDIUM
0xd26cd761f7474661ffb0ae0338a638a98e9bfadd,https://etherscan.io/address/0xd26cd761f7474661ffb0ae0338a638a98e9bfadd,https://etherscan.io/tx/0x11957922f8961bb0189f9646256f360070a2fad672feff22525bab8ab703f436,2.74,MEDIUM (0.5-5 ETH),0x239e18dfcbd25bc9b1bdd3acea391047b39030b7,2018-08-18 08:49 UTC,8,0,7,CONFIRMED,Moderate cashout: 2.74 ETH (>=1 ETH threshold),MEDIUM
0xac73ce5f0756c908daffea721b65d887c1814e21,https://etherscan.io/address/0xac73ce5f0756c908daffea721b65d887c1814e21,https://etherscan.io/tx/0x1bce7752e9b56a9c0fc17834fe3932e58740b3ac03ca8b9da0ca734d8412859e,2.66,MEDIUM (0.5-5 ETH),0x2f0676c1aa8d96333f30c4f7f605221670b2432a,2018-12-02 16:48 UTC,2,0,1,CONFIRMED,Moderate cashout: 2.66 ETH (>=1 ETH threshold),MEDIUM
0x4622fbe791ab00c6aa0a8cc3184c954fd4cb78f7,https://etherscan.io/address/0x4622fbe791ab00c6aa0a8cc3184c954fd4cb78f7,https://etherscan.io/tx/0xb528d445ef66af4ae3c595f9c3d5399084cf8fdcc63e7db6cdba3bf53ee3328d,2.5561,MEDIUM (0.5-5 ETH),0x0975ca9f986eee35f5cbba2d672ad9bc8d2a0844,2018-04-04 12:20 UTC,38,12,30,CONFIRMED,Moderate cashout: 2.56 ETH (>=1 ETH threshold),MEDIUM
0x2ae18a061de67357fea97408977a06262eedfcf6,https://etherscan.io/address/0x2ae18a061de67357fea97408977a06262eedfcf6,https://etherscan.io/tx/0x6cedc34b80e232c08c02d69f18bee61072e04c388c0d2675376673f23ed1be8d,2.309,MEDIUM (0.5-5 ETH),0xf9a29d8493fe07568bb13febaad645e0b3211eb9,2019-10-19 23:36 UTC,3,0,2,CONFIRMED,Moderate cashout: 2.31 ETH (>=1 ETH threshold),MEDIUM
0x2f0d741580d9dbc27e51e5dbe83f5797f868c2e0,https://etherscan.io/address/0x2f0d741580d9dbc27e51e5dbe83f5797f868c2e0,https://etherscan.io/tx/0x8433f9966cd4dd10d7c83408869c357808b0b78d031a2d1dbc59c76a7105d08b,2.1505,MEDIUM (0.5-5 ETH),0xaafc4152e8fc877cb8d96b4e06ac82e6a6551164,2018-11-14 20:02 UTC,7,0,6,CONFIRMED,Moderate cashout: 2.15 ETH (>=1 ETH threshold),MEDIUM
0x848b73f8cb6778203edbe4aa18f293b238fd3712,https://etherscan.io/address/0x848b73f8cb6778203edbe4aa18f293b238fd3712,https://etherscan.io/tx/0xac291a6617d94df36372a254735a65b5a0b485113c7cfd331500c814fb70fed3,2.1,MEDIUM (0.5-5 ETH),0x3faacf23192eebe70fb1f21a1e82c912702f55a2,2019-08-28 18:32 UTC,203,12,168,CONFIRMED,Moderate cashout: 2.10 ETH (>=1 ETH threshold),MEDIUM
0x08afea4ec3659a2e478f81fef2b784176a0b7d2f,https://etherscan.io/address/0x08afea4ec3659a2e478f81fef2b784176a0b7d2f,https://etherscan.io/tx/0x727edaec568dae06b0da66dd898d49c823f9e30bfb4ffbdacd6c79af045593c2,2.0991,MEDIUM (0.5-5 ETH),0x8c69d6d71382b6bf3c3666143ce5fd4d4ced9132,2019-01-06 02:59 UTC,4,1,3,CONFIRMED,Moderate cashout: 2.10 ETH (>=1 ETH threshold),MEDIUM
0x7bcb6746ea9e9fffe745d0c9579163ced310b717,https://etherscan.io/address/0x7bcb6746ea9e9fffe745d0c9579163ced310b717,https://etherscan.io/tx/0x32f886e0e252331f81b728a6f1f8532e295e17626bb354801c3b92c4b97c4a50,2.088,MEDIUM (0.5-5 ETH),0x4c29924007f87defd9638bab2ad3eede45d753fb,2020-03-12 08:13 UTC,45,15,30,CONFIRMED,Moderate cashout: 2.09 ETH (>=1 ETH threshold),MEDIUM
0xfe821f5509fdea3f72362d001697ad8c11f0c111,https://etherscan.io/address/0xfe821f5509fdea3f72362d001697ad8c11f0c111,https://etherscan.io/tx/0xa5406c7b7f5930e97252d44ec43713605b2bc392d206d4824e5989baf0573d57,2.0826,MEDIUM (0.5-5 ETH),0xefe520baf3bd7e932cfd961571fb4ce138697be6,2018-03-25 12:00 UTC,9,1,8,CONFIRMED,Moderate cashout: 2.08 ETH (>=1 ETH threshold),MEDIUM
0x0ecbd02d1cf412a37e079bdaa55497020a1e3e33,https://etherscan.io/address/0x0ecbd02d1cf412a37e079bdaa55497020a1e3e33,https://etherscan.io/tx/0x2037e37c116308b7d1b724b241d736b4eb40ae7e48b520985cf3f2b1c719f9d4,2.0,MEDIUM (0.5-5 ETH),0x881d40237659c251811cec9c364ef91dc08d300c,2022-02-23 13:12 UTC,78,34,64,CONFIRMED,Known address: MetaMask Swap Router,HIGH
0x26a40e8dbdb0dee17d7036fcc0a2ae3fecf4800d,https://etherscan.io/address/0x26a40e8dbdb0dee17d7036fcc0a2ae3fecf4800d,https://etherscan.io/tx/0xb1cf01ae6e74c3c1b3670b7ced9e6da20490ec2b16cf579655e340c5ae226ca2,1.712,MEDIUM (0.5-5 ETH),0xc02aaa39b223fe8d0a0e5c4f27ead9083c756cc2,2022-02-26 23:26 UTC,161,0,150,CONFIRMED,Known address: WETH Contract,HIGH
0x1ec6ecc934ec1ad85bb4b579cfc53807da435a4d,https://etherscan.io/address/0x1ec6ecc934ec1ad85bb4b579cfc53807da435a4d,https://etherscan.io/tx/0x7f345c429ae06c610924b0f7d9489dc9037da8aa067803508434a49784744848,1.64,MEDIUM (0.5-5 ETH),0x05e85d73eaf6fef228294fdf867abba98552a99f,2018-06-01 05:01 UTC,4,0,2,CONFIRMED,Moderate cashout: 1.64 ETH (>=1 ETH threshold),MEDIUM
0x335e40277f127c620560faf1cfa001e5899864ad,https://etherscan.io/address/0x335e40277f127c620560faf1cfa001e5899864ad,https://etherscan.io/tx/0x90632f063377ec9c74fa4d05a4cadc8724fa4dd12d2a1ed8be31e4c6c6c84df5,1.61,MEDIUM (0.5-5 ETH),0xcba1e79e47dd511b87dcc69b279953543d453fc5,2018-08-31 15:47 UTC,5,1,4,CONFIRMED,Moderate cashout: 1.61 ETH (>=1 ETH threshold),MEDIUM
0xf49787d8e47bf62d860ebcc84c57d456347aaa4c,https://etherscan.io/address/0xf49787d8e47bf62d860ebcc84c57d456347aaa4c,https://etherscan.io/tx/0x84874166038baa6044013abf57e94039e0829e64274cbfca1bef2d52da158fd4,1.5157,MEDIUM (0.5-5 ETH),0x5cf81c5615a2088cd7494c2874706e7dd197754e,2021-03-18 11:12 UTC,4,0,3,CONFIRMED,Moderate cashout: 1.52 ETH (>=1 ETH threshold),MEDIUM
0x24aa18952e80707dad3ab4c9c97e787f2af337ca,https://etherscan.io/address/0x24aa18952e80707dad3ab4c9c97e787f2af337ca,https://etherscan.io/tx/0x062d789ed8c86039b3ec160f7934d24725e7926aeadc938a649286be09a86290,1.39,MEDIUM (0.5-5 ETH),0x8d12a197cb00d4747a1fe03395095ce2a5cc6819,2018-03-07 16:31 UTC,18,0,2,CONFIRMED,Moderate cashout: 1.39 ETH (>=1 ETH threshold),MEDIUM
0xccb41e2d069559ce542ce3eb825c8eba372a6468,https://etherscan.io/address/0xccb41e2d069559ce542ce3eb825c8eba372a6468,https://etherscan.io/tx/0xd83474bdde82ad4e3b76913ac55d4d620e3b7ecb126dc905b13876b5ffb8073e,1.31,MEDIUM (0.5-5 ETH),0x9648727aef561dea13821f0525292e62374dc44a,2020-09-01 17:30 UTC,4,0,2,CONFIRMED,Moderate cashout: 1.31 ETH (>=1 ETH threshold),MEDIUM
0xa9fa7065701181d2d62234badea16a33052fea22,https://etherscan.io/address/0xa9fa7065701181d2d62234badea16a33052fea22,https://etherscan.io/tx/0xc8593a8b7d748fb6bb7ff111515ea6d941721c6cd6a2f0c10c85c5e1e5df2f72,1.2264,MEDIUM (0.5-5 ETH),0x24547a74416b147952427ec1fe9a116af36647b7,2019-06-23 00:00 UTC,134,9,128,CONFIRMED,Moderate cashout: 1.23 ETH (>=1 ETH threshold),MEDIUM
0x8b170540b63d2f826846f3c0b9e6410b08548ec3,https://etherscan.io/address/0x8b170540b63d2f826846f3c0b9e6410b08548ec3,https://etherscan.io/tx/0x686cc84cf64593deaba628f33b9216bf2028158feb4ed33980f9942d94a19a51,1.125,MEDIUM (0.5-5 ETH),0x604da69d33a0df6414c30270434ba4e0e95d8cf6,2018-06-04 02:08 UTC,46,29,45,CONFIRMED,Moderate cashout: 1.12 ETH (>=1 ETH threshold),MEDIUM
0xe2621777f2d10d2fc5cf2f7f48d680044f2e49a8,https://etherscan.io/address/0xe2621777f2d10d2fc5cf2f7f48d680044f2e49a8,https://etherscan.io/tx/0xb4cbef99cc3bb2ac417c863c9c2c0b123d86a3294bd42cbb866e4ddf4e9685a8,1.1,MEDIUM (0.5-5 ETH),0xcff29dda9b89f27a913c9b6eac8f3109b9fcce22,2018-12-11 07:11 UTC,3,0,2,CONFIRMED,Moderate cashout: 1.10 ETH (>=1 ETH threshold),MEDIUM
0x8196fa469bd2f8105bae01702c4b84b04cdf4a2c,https://etherscan.io/address/0x8196fa469bd2f8105bae01702c4b84b04cdf4a2c,https://etherscan.io/tx/0x692a3be098456a018386437c25cdc04a0403e43b395590b57970f660173b1d66,1.0648,MEDIUM (0.5-5 ETH),0x47b6b634cf4f43e98ba48e9cab8bced1e0e5114d,2018-09-25 19:45 UTC,3,0,2,CONFIRMED,Moderate cashout: 1.06 ETH (>=1 ETH threshold),MEDIUM
0xc2fb82af34a16e42e72523cbb456db95c3997ef2,https://etherscan.io/address/0xc2fb82af34a16e42e72523cbb456db95c3997ef2,https://etherscan.io/tx/0x474796c8b0614d87dcf47216d966aa1c3232d06482705f459c1b1d2693587028,1.0251,MEDIUM (0.5-5 ETH),0x376a3766be4af0c19aa920353a96421f1187e21a,2019-11-07 13:19 UTC,4,0,1,CONFIRMED,Moderate cashout: 1.03 ETH (>=1 ETH threshold),MEDIUM
0x0153775362c3071c1860e8dbfd53ccc82fa226f5,https://etherscan.io/address/0x0153775362c3071c1860e8dbfd53ccc82fa226f5,https://etherscan.io/tx/0x2ff4ca5d545ac16c58fca0d47c766942455d0914e65d23a1e6f1334993871c0f,0.9995,MEDIUM (0.5-5 ETH),0x7782eeacf4783e51ddea1e0ba5f9e7ce912e05b8,2018-03-27 10:32 UTC,2,0,1,UNCERTAIN,Small transfer: 1.00 ETH (could be normal tx),LOW
0x774148e22f021972bfe082e1548e5d9dc6e1d76e,https://etherscan.io/address/0x774148e22f021972bfe082e1548e5d9dc6e1d76e,https://etherscan.io/tx/0x0401fed72efa34850e4c973ca14dc474a395809276492220bc15dcf4f77df076,0.8379,MEDIUM (0.5-5 ETH),0xf1697af9db6b500a2f3745e3839ecdee21ef80df,2018-01-26 23:24 UTC,8,0,2,UNCERTAIN,Small transfer: 0.84 ETH (could be normal tx),LOW
0xba9744c82569a22bb276ea874d69e0f5add101c1,https://etherscan.io/address/0xba9744c82569a22bb276ea874d69e0f5add101c1,https://etherscan.io/tx/0xd9ef0eaf587615a84b43c97c75624a3d75b71adaa1340f0a269f572ff16ade57,0.8374,MEDIUM (0.5-5 ETH),0xa69ea6ab7707c551eeae1d443e179318a9dc73ee,2018-07-30 20:24 UTC,5,0,4,UNCERTAIN,Small transfer: 0.84 ETH (could be normal tx),LOW
0x173f55c725d4e6932e24f5eab84da821362aa7a0,https://etherscan.io/address/0x173f55c725d4e6932e24f5eab84da821362aa7a0,https://etherscan.io/tx/0x287ad53cbd0946fcb159b4c95202d86ac2a928e51be970b5597ed00ef27dcf5b,0.5485,MEDIUM (0.5-5 ETH),0x26f2dcaf16147734fcb6c531778030123e5da3f9,2020-01-03 08:40 UTC,383,11,380,UNCERTAIN,Small transfer: 0.55 ETH (could be normal tx),LOW
0xe7a191af6f8d900b3f15001cf892da5f21b25741,https://etherscan.io/address/0xe7a191af6f8d900b3f15001cf892da5f21b25741,https://etherscan.io/tx/0xc631cee86d6e0ca72fa465624bd5217a683910441c816f8ad4f149bbcd3527ed,0.4734,SMALL (0.05-0.5 ETH),0x07b53eaec67a0fb40368108a2cf12127a06dda19,2020-07-23 09:39 UTC,6,0,5,UNCERTAIN,Small transfer: 0.47 ETH (could be normal tx),LOW
0xa4f0294dd195f97ebdd166cc2f71a3af21d22fac,https://etherscan.io/address/0xa4f0294dd195f97ebdd166cc2f71a3af21d22fac,https://etherscan.io/tx/0x66f2cf8f70317a5266a59dcb8a01fbce756e6b97d53bc634da43cf2085e59e94,0.4647,SMALL (0.05-0.5 ETH),0xec269f3d024863cd626ed4708deabc167cdd8da8,2021-11-24 01:25 UTC,6,0,5,UNCERTAIN,Small transfer: 0.46 ETH (could be normal tx),LOW
0x07956d21122817a3bb042dc1ab47c49534d11ddc,https://etherscan.io/address/0x07956d21122817a3bb042dc1ab47c49534d11ddc,https://etherscan.io/tx/0x87fa88c3d77d93ddefce88841bbf7342c013cab2457ff18dad65db1e6e134963,0.3663,SMALL (0.05-0.5 ETH),0x0b4afd23122bbe8b0aa3673c78ba15c4dcb5f466,2021-04-09 18:28 UTC,26,5,17,UNCERTAIN,Small transfer: 0.37 ETH (could be normal tx),LOW
0x98a630280447461ab2156919b0941ebdeae5bc41,https://etherscan.io/address/0x98a630280447461ab2156919b0941ebdeae5bc41,https://etherscan.io/tx/0x2142bec5c3d2a6a8abcee3ca39efd621400445bc2df599bf5c695f027ca643ef,0.3507,SMALL (0.05-0.5 ETH),0xc51b0051a4157b8ac3b93cc68a696a4e9db093de,2018-08-30 16:08 UTC,3,0,2,UNCERTAIN,Small transfer: 0.35 ETH (could be normal tx),LOW
0x06d0bab6af8fcb162f044a0fe5eb56dad29735d6,https://etherscan.io/address/0x06d0bab6af8fcb162f044a0fe5eb56dad29735d6,https://etherscan.io/tx/0xfe9d565c831056ba32072d31cc7fd2a8c5942b92b013e6348b40ebd75cffb379,0.3281,SMALL (0.05-0.5 ETH),0x4fed1fc4144c223ae3c1553be203cdfcbd38c581,2019-07-26 18:17 UTC,8,2,4,UNCERTAIN,Small transfer: 0.33 ETH (could be normal tx),LOW
0xdefc101bfacc7907141056f5731b5dd1149a3706,https://etherscan.io/address/0xdefc101bfacc7907141056f5731b5dd1149a3706,https://etherscan.io/tx/0x22486005e0e2ada3584b72d8d088bf3436cfec92b72ab564b59220571a94a5cb,0.3179,SMALL (0.05-0.5 ETH),0x7d8fe9bcef4f60c83c40ec59ea7d8d12aab3b211,2020-02-11 14:17 UTC,3,0,2,UNCERTAIN,Small transfer: 0.32 ETH (could be normal tx),LOW
0x9c07c5ae5ec625bbdad7925e5bbc21afa0af75d1,https://etherscan.io/address/0x9c07c5ae5ec625bbdad7925e5bbc21afa0af75d1,https://etherscan.io/tx/0xf1dddd57316d13a3070e691a1330bedbe374c3663d4e2858a7cc5d02b45cbe00,0.2914,SMALL (0.05-0.5 ETH),0x4e49039f301f2e33317dc84dd3562b2845f8d898,2020-07-15 22:27 UTC,90,7,88,UNCERTAIN,Small transfer: 0.29 ETH (could be normal tx),LOW
0x202f88bfffc39c9d3794df28a4261d5b536eb37b,https://etherscan.io/address/0x202f88bfffc39c9d3794df28a4261d5b536eb37b,https://etherscan.io/tx/0xb77fa923d2ed95dcc33e15ea25cf9583b5b167232bf7aa66e97665e63b492b81,0.2254,SMALL (0.05-0.5 ETH),0xf2ef11be4dc85bba0b3f9f2ff683a067e43da5d1,2018-12-01 16:35 UTC,6,1,4,UNCERTAIN,Small transfer: 0.23 ETH (could be normal tx),LOW
0x096c13f383a32253e238bc148307753d14868235,https://etherscan.io/address/0x096c13f383a32253e238bc148307753d14868235,https://etherscan.io/tx/0x90e251bd2aaaedd2666512ff6de475fbc2f97ae96691db09e42d5347bb3cf44c,0.2248,SMALL (0.05-0.5 ETH),0xe64a2686c1e46438da0f1f1adcfa8ffc02063e1b,2018-08-05 13:30 UTC,2,0,1,UNCERTAIN,Small transfer: 0.22 ETH (could be normal tx),LOW
0xa82c7c0ef05080463e4ac55db8b8531007f3a66c,https://etherscan.io/address/0xa82c7c0ef05080463e4ac55db8b8531007f3a66c,https://etherscan.io/tx/0x1c56e13e6ba75b4bb7249ba68bb90b33928485cccf441d3324f50be9bd573783,0.2126,SMALL (0.05-0.5 ETH),0xadfe3cca1e5058e7837a70ef742453e422b47242,2018-01-28 10:40 UTC,12,3,4,UNCERTAIN,Small transfer: 0.21 ETH (could be normal tx),LOW
0x923085ec2fd8b2c0976faa0adef8fd07fafbca60,https://etherscan.io/address/0x923085ec2fd8b2c0976faa0adef8fd07fafbca60,https://etherscan.io/tx/0xb38c994dc2bfcffbda305ef0cc9ffa1223b79863f4f2918b93ca3d170de6c9e6,0.21,SMALL (0.05-0.5 ETH),0xa832cfc69c670a1e966bba98080d13a7b7ed991e,2018-07-28 15:07 UTC,16,0,6,UNCERTAIN,Small transfer: 0.21 ETH (could be normal tx),LOW
0x19dd963b4241374e988b1de46e2092371e38caaf,https://etherscan.io/address/0x19dd963b4241374e988b1de46e2092371e38caaf,https://etherscan.io/tx/0xf7b1786753212ae819ba38238ca5974b9817757378104a8de1960ffdaac7bbea,0.1341,SMALL (0.05-0.5 ETH),0x53cc9f69503e1d7f9f5757f68dfdc88b4f21f0a6,2020-06-19 14:44 UTC,8,0,4,UNCERTAIN,Small transfer: 0.13 ETH (could be normal tx),LOW
0xcae453eb95b584331a8a5945d8138ceeed9d5af6,https://etherscan.io/address/0xcae453eb95b584331a8a5945d8138ceeed9d5af6,https://etherscan.io/tx/0x8c56a6f04923261dd0e6fe75873d756123ee95b6be692116f25ba370e0849540,0.0971,SMALL (0.05-0.5 ETH),0xc8058019f19f04e5480c1ab4e0fcba6ea913b44c,2019-05-13 17:31 UTC,2,0,1,UNCERTAIN,Micro transfer: 0.0971 ETH (likely noise),LOW
0x33f78579ce0e3a96ca53e8d38b2b624ec432662d,https://etherscan.io/address/0x33f78579ce0e3a96ca53e8d38b2b624ec432662d,https://etherscan.io/tx/0xe8c9be14ca185de48c0fc946b02d4c1c1b4fd9edee8cad7c0674589b57d1777a,0.0296,MICRO (<0.05 ETH),0x0e7a1518c1e8f418a404d3a44935032aba78b5ca,2020-10-25 19:22 UTC,6,0,5,UNCERTAIN,Micro transfer: 0.0296 ETH (likely noise),LOW
0x83e99aec309c14e117097044e5efcc3672bcd450,https://etherscan.io/address/0x83e99aec309c14e117097044e5efcc3672bcd450,https://etherscan.io/tx/0x5008dbbc83746a1746f4098dd080407cfd9905491fabb57a3160f158e3f42f8c,0.0099,MICRO (<0.05 ETH),0x472616eb939a091a98e3956249451cbba4037dbc,2018-09-24 06:12 UTC,2,0,1,UNCERTAIN,Micro transfer: 0.0099 ETH (likely noise),LOW
